pair_id,label,category,receipt_file,warranty_file,notes
1,VALID,identical_match,pair01_MATCH_receipt.png,pair01_MATCH_warranty.png,"All fields (serial, date, invoice, item, store) identical across receipt and warranty card."
2,VALID,identical_match,pair02_MATCH_receipt.png,pair02_MATCH_warranty.png,"All fields (serial, date, invoice, item, store) identical across receipt and warranty card."
3,VALID,identical_match,pair03_MATCH_receipt.png,pair03_MATCH_warranty.png,"All fields (serial, date, invoice, item, store) identical across receipt and warranty card."
4,VALID,identical_match,pair04_MATCH_receipt.png,pair04_MATCH_warranty.png,"All fields (serial, date, invoice, item, store) identical across receipt and warranty card."
5,VALID,identical_match,pair05_MATCH_receipt.png,pair05_MATCH_warranty.png,"All fields (serial, date, invoice, item, store) identical across receipt and warranty card."
6,VALID,identical_match,pair06_MATCH_receipt.png,pair06_MATCH_warranty.png,"All fields (serial, date, invoice, item, store) identical across receipt and warranty card."
7,VALID,identical_match,pair07_MATCH_receipt.png,pair07_MATCH_warranty.png,"All fields (serial, date, invoice, item, store) identical across receipt and warranty card."
8,VALID,identical_match,pair08_MATCH_receipt.png,pair08_MATCH_warranty.png,"All fields (serial, date, invoice, item, store) identical across receipt and warranty card."
9,VALID,identical_match,pair09_MATCH_receipt.png,pair09_MATCH_warranty.png,"All fields (serial, date, invoice, item, store) identical across receipt and warranty card."
10,VALID,identical_match,pair10_MATCH_receipt.png,pair10_MATCH_warranty.png,"All fields (serial, date, invoice, item, store) identical across receipt and warranty card."
11,VALID,identical_match,pair11_MATCH_receipt.png,pair11_MATCH_warranty.png,"All fields (serial, date, invoice, item, store) identical across receipt and warranty card."
12,VALID,identical_match,pair12_MATCH_receipt.png,pair12_MATCH_warranty.png,"All fields (serial, date, invoice, item, store) identical across receipt and warranty card."
13,VALID,identical_match,pair13_MATCH_receipt.png,pair13_MATCH_warranty.png,"All fields (serial, date, invoice, item, store) identical across receipt and warranty card."
14,VALID,identical_match,pair14_MATCH_receipt.png,pair14_MATCH_warranty.png,"All fields (serial, date, invoice, item, store) identical across receipt and warranty card."
15,VALID,identical_match,pair15_MATCH_receipt.png,pair15_MATCH_warranty.png,"All fields (serial, date, invoice, item, store) identical across receipt and warranty card."
16,REVIEW,partial_match,pair16_PARTIAL_receipt.png,pair16_PARTIAL_warranty.png,[typo_serial_last_char] Serial number differs by one trailing character (OCR/typo-style mismatch).
17,REVIEW,partial_match,pair17_PARTIAL_receipt.png,pair17_PARTIAL_warranty.png,[store_name_abbreviation] Warranty card shows abbreviated store name vs. full name on receipt.
18,REVIEW,partial_match,pair18_PARTIAL_receipt.png,pair18_PARTIAL_warranty.png,[date_off_by_one_day] Purchase date on warranty card is one day later than receipt (data entry lag).
19,REVIEW,partial_match,pair19_PARTIAL_receipt.png,pair19_PARTIAL_warranty.png,[owner_name_missing_on_receipt_field] Warranty card owner field annotated differently; receipt has no owner field at all.
20,REVIEW,partial_match,pair20_PARTIAL_receipt.png,pair20_PARTIAL_warranty.png,[invoice_ref_reformatted] Invoice reference reformatted on warranty card (shorthand notation).
21,REVIEW,partial_match,pair21_PARTIAL_receipt.png,pair21_PARTIAL_warranty.png,[amount_rounding_difference] Category field phrased more broadly on warranty card; core identifiers still match.
22,REVIEW,partial_match,pair22_PARTIAL_receipt.png,pair22_PARTIAL_warranty.png,[item_name_shortform] Product name shortened on warranty card vs. full name on receipt.
23,REVIEW,partial_match,pair23_PARTIAL_receipt.png,pair23_PARTIAL_warranty.png,[warranty_period_stated_differently] Warranty duration expressed in months on card vs. days basis used elsewhere.
24,REVIEW,partial_match,pair24_PARTIAL_receipt.png,pair24_PARTIAL_warranty.png,[typo_serial_middle_digit] Serial number differs by one middle digit (OCR/typo-style mismatch).
25,REVIEW,partial_match,pair25_PARTIAL_receipt.png,pair25_PARTIAL_warranty.png,[store_branch_added] Warranty card lists a specific branch suffix not present on the receipt's store name.
26,REVIEW,partial_match,pair26_PARTIAL_receipt.png,pair26_PARTIAL_warranty.png,[date_off_by_one_day_earlier] Purchase date on warranty card is one day earlier than receipt (registration lag).
27,REVIEW,partial_match,pair27_PARTIAL_receipt.png,pair27_PARTIAL_warranty.png,[invoice_ref_extra_suffix] Warranty card invoice reference has an extra suffix vs. the receipt's plain invoice number.
28,FRAUD,fraud,pair28_FRAUD_receipt.png,pair28_FRAUD_warranty.png,[serial_number_swapped] Serial number on warranty card belongs to a completely different unit than the receipt.
29,FRAUD,fraud,pair29_FRAUD_receipt.png,pair29_FRAUD_warranty.png,[warranty_expired_before_claim] Warranty expired long before claim filing date (2026-09-25) — hard-fail expired-warranty case.
30,FRAUD,fraud,pair30_FRAUD_receipt.png,pair30_FRAUD_warranty.png,[fault_date_before_purchase] Purchase date is AFTER the claimed fault date of 2026-08-28 — chronological contradiction fraud pattern.
31,FRAUD,fraud,pair31_FRAUD_receipt.png,pair31_FRAUD_warranty.png,[amount_altered_visual_tamper] Amount paid appears visually altered/boxed on receipt — inflated value inconsistent with item tier.
32,FRAUD,fraud,pair32_FRAUD_receipt.png,pair32_FRAUD_warranty.png,[store_name_completely_different] Warranty card issued by a different retailer entirely than the one on the receipt.
33,FRAUD,fraud,pair33_FRAUD_receipt.png,pair33_FRAUD_warranty.png,[duplicate_receipt_reused_serial] Serial + invoice number identical to a previously 'submitted' claim in the set (duplicate-hash fraud simulation — compare to any other FRAUD pair using the same reused serial).
34,FRAUD,fraud,pair34_FRAUD_receipt.png,pair34_FRAUD_warranty.png,[item_category_mismatch] Warranty card registered for an entirely different product category than the receipted item.
35,FRAUD,fraud,pair35_FRAUD_receipt.png,pair35_FRAUD_warranty.png,[owner_name_swapped] Registered owner on warranty card does not match the name associated with this receipt/claim.
36,FRAUD,fraud,pair36_FRAUD_receipt.png,pair36_FRAUD_warranty.png,"[invoice_number_swapped] Invoice reference on warranty card is an unrelated invoice number, not a variant of the receipt's."
37,FRAUD,fraud,pair37_FRAUD_receipt.png,pair37_FRAUD_warranty.png,[amount_altered_deflated] Amount paid appears visually altered/boxed on receipt — suspiciously deflated value inconsistent with item tier.
38,FRAUD,fraud,pair38_FRAUD_receipt.png,pair38_FRAUD_warranty.png,[duplicate_receipt_reused_serial_2] Serial + invoice number identical to a previously 'submitted' claim (second instance of the same reused document-hash fraud pattern).
39,FRAUD,fraud,pair39_FRAUD_receipt.png,pair39_FRAUD_warranty.png,[warranty_predates_receipt] Warranty card purchase date is before the receipt's purchase date — impossible registration sequence.
40,MANUAL_REVIEW_DAMAGE,manual_review_damage,pair40_REVIEW_DAMAGE_receipt.png,pair40_REVIEW_DAMAGE_warranty.png,"[receipt:torn_corner_partial / warranty:torn_corner_partial] Both documents have a torn corner; most fields still legible but corner data (partially) lost. Field data itself matches; routed to manual review due to physical document damage / low OCR confidence, not a fraud or mismatch signal."
41,MANUAL_REVIEW_DAMAGE,manual_review_damage,pair41_REVIEW_DAMAGE_receipt.png,pair41_REVIEW_DAMAGE_warranty.png,"[receipt:water_stain_partial / warranty:torn_corner_partial] Receipt has a water stain over part of the text; warranty card has a torn corner — both partially damaged. Field data itself matches; routed to manual review due to physical document damage / low OCR confidence, not a fraud or mismatch signal."
42,MANUAL_REVIEW_DAMAGE,manual_review_damage,pair42_REVIEW_DAMAGE_receipt.png,pair42_REVIEW_DAMAGE_warranty.png,"[receipt:faded_text_partial / warranty:water_stain_partial] Receipt has faded/sun-bleached text over a field; warranty card has a water stain — legibility reduced on both. Field data itself matches; routed to manual review due to physical document damage / low OCR confidence, not a fraud or mismatch signal."
43,MANUAL_REVIEW_DAMAGE,manual_review_damage,pair43_REVIEW_DAMAGE_receipt.png,pair43_REVIEW_DAMAGE_warranty.png,"[receipt:scratched_field / warranty:scratched_field] A field is scratched out / redacted on both receipt and warranty card, obscuring part of the matching data. Field data itself matches; routed to manual review due to physical document damage / low OCR confidence, not a fraud or mismatch signal."
44,MANUAL_REVIEW_DAMAGE,manual_review_damage,pair44_REVIEW_DAMAGE_receipt.png,pair44_REVIEW_DAMAGE_warranty.png,"[receipt:heavy_multi_damage / warranty:torn_corner_partial] Receipt is heavily damaged (tear + stain + fade); warranty card has a lighter torn-corner defect. Field data itself matches; routed to manual review due to physical document damage / low OCR confidence, not a fraud or mismatch signal."
45,MANUAL_REVIEW_DAMAGE,manual_review_damage,pair45_REVIEW_DAMAGE_receipt.png,pair45_REVIEW_DAMAGE_warranty.png,"[receipt:torn_corner_partial / warranty:heavy_multi_damage] Warranty card is heavily damaged (tear + stain + fade); receipt has a lighter torn-corner defect. Field data itself matches; routed to manual review due to physical document damage / low OCR confidence, not a fraud or mismatch signal."
46,MANUAL_REVIEW_DAMAGE,manual_review_damage,pair46_REVIEW_DAMAGE_receipt.png,pair46_REVIEW_DAMAGE_warranty.png,"[receipt:water_stain_partial / warranty:water_stain_partial] Both documents show water/coffee staining over portions of the printed fields. Field data itself matches; routed to manual review due to physical document damage / low OCR confidence, not a fraud or mismatch signal."
47,MANUAL_REVIEW_DAMAGE,manual_review_damage,pair47_REVIEW_DAMAGE_receipt.png,pair47_REVIEW_DAMAGE_warranty.png,"[receipt:faded_text_partial / warranty:faded_text_partial] Both documents show significant fading/bleaching over portions of the printed fields. Field data itself matches; routed to manual review due to physical document damage / low OCR confidence, not a fraud or mismatch signal."
48,MANUAL_REVIEW_DAMAGE,manual_review_damage,pair48_REVIEW_DAMAGE_receipt.png,pair48_REVIEW_DAMAGE_warranty.png,"[receipt:scratched_field / warranty:torn_corner_partial] Receipt has a scratched-out/redacted field; warranty card has a torn corner — combined partial illegibility. Field data itself matches; routed to manual review due to physical document damage / low OCR confidence, not a fraud or mismatch signal."
49,MANUAL_REVIEW_DAMAGE,manual_review_damage,pair49_REVIEW_DAMAGE_receipt.png,pair49_REVIEW_DAMAGE_warranty.png,"[receipt:heavy_multi_damage / warranty:heavy_multi_damage] Both documents are heavily damaged (multiple combined defects) — severely reduced OCR confidence. Field data itself matches; routed to manual review due to physical document damage / low OCR confidence, not a fraud or mismatch signal."
50,MANUAL_REVIEW_DAMAGE,manual_review_damage,pair50_REVIEW_DAMAGE_receipt.png,pair50_REVIEW_DAMAGE_warranty.png,"[receipt:torn_corner_partial / warranty:water_stain_partial] Receipt has a torn corner; warranty card has a water stain — underlying data matches but both are partially damaged. Field data itself matches; routed to manual review due to physical document damage / low OCR confidence, not a fraud or mismatch signal."
